"name","label","org_id"
"100000","RPA-274-Medina de Rioseco 1 (100000)","RPA"
"100001","RPA-274-Medina de Rioseco 10 (100001)","RPA"
"100002","RPA-274-Medina de Rioseco 11 (100002)","RPA"
"100003","RPA-274-Medina de Rioseco 11C (100003)","RPA"
"100004","RPA-274-Medina de Rioseco 12 (100004)","RPA"
"100005","RPA-274-Medina de Rioseco 13 (100005)","RPA"
"100006","RPA-274-Medina de Rioseco 14 (100006)","RPA"
"100007","RPA-274-Medina de Rioseco 15 (100007)","RPA"
"100008","RPA-274-Medina de Rioseco 16 (100008)","RPA"
"100009","RPA-274-Medina de Rioseco 17 (100009)","RPA"
"100010","RPA-274-Medina de Rioseco 18 (100010)","RPA"
"100011","RPA-274-Medina de Rioseco 19 (100011)","RPA"
"100012","RPA-274-Medina de Rioseco 2 (100012)","RPA"
"100013","RPA-274-Medina de Rioseco 20 (100013)","RPA"
"100014","RPA-274-Medina de Rioseco 21 (100014)","RPA"
"100015","RPA-274-Medina de Rioseco 22 (100015)","RPA"
"100016","RPA-274-Medina de Rioseco 23 (100016)","RPA"
"100017","RPA-274-Medina de Rioseco 24 (100017)","RPA"
"100018","RPA-274-Medina de Rioseco 25 (100018)","RPA"
"100019","RPA-274-Medina de Rioseco 3 (100019)","RPA"
"100020","RPA-274-Medina de Rioseco 4 (100020)","RPA"
"100021","RPA-274-Medina de Rioseco 5 (100021)","RPA"
"100022","RPA-274-Medina de Rioseco 6 (100022)","RPA"
"100023","RPA-274-Medina de Rioseco 7 (100023)","RPA"
"100024","RPA-274-Medina de Rioseco 8 (100024)","RPA"
"100025","RPA-274-Medina de Rioseco 9 (100025)","RPA"
"100026","RPA-275-Molezuelas_1 (100026)","RPA"
"100027","RPA-275-Molezuelas_2 (100027)","RPA"
"100028","RPA-275-Molezuelas_3 (100028)","RPA"
"100029","RPA-275-Molezuelas_4 (100029)","RPA"
"100030","RPA-275-Molezuelas_5 (100030)","RPA"
"100031","RPA-275-Molezuelas_6 (100031)","RPA"
"100032","RPA-275-Molezuelas_7 (100032)","RPA"
"100033","RPA-275-Molezuelas_8 (100033)","RPA"
"100034","RPA-302-Revilla del Campo 1 (100034)","RPA"
"100035","RPA-302-Revilla del Campo 2 (100035)","RPA"
"100036","RPA-302-Revilla del Campo 3 (100036)","RPA"
"100037","RPA-302-Revilla del Campo 4 (100037)","RPA"
"100038","RPA-302-Revilla del Campo 5 (100038)","RPA"
"100039","RPA-302-Revilla del Campo 6 (100039)","RPA"
"100040","RPA-306-Torrelara 1.1 (100040)","RPA"
"100041","RPA-306-Torrelara 1.2 (100041)","RPA"
"100042","RPA-306-Torrelara 1.3 (100042)","RPA"
"100043","RPA-306-Torrelara 1.4 (100043)","RPA"
"100044","RPA-306-Torrelara 1.5 (100044)","RPA"
"100045","RPA-306-Torrelara 1.6 (100045)","RPA"
"100046","RPA-307-Torrelara 2.1 (100046)","RPA"
"100047","RPA-307-Torrelara 2.2 (100047)","RPA"
"100048","RPA-307-Torrelara 2.3 (100048)","RPA"
"100049","CIC-2076-01_P001 (100049)","CIC"
"100050","CIC-2076-01_P004 (100050)","CIC"
"100051","CIC-2076-01_P006 (100051)","CIC"
"100052","CIC-2076-01_P008 (100052)","CIC"
"100053","CIC-2076-01_P009 (100053)","CIC"
"100054","CIC-2076-01_P010 (100054)","CIC"
"100055","CIC-2076-02_P001 (100055)","CIC"
"100056","CIC-2076-02_P002 (100056)","CIC"
"100057","CIC-2076-02_P003 (100057)","CIC"
"100058","CIC-2076-02_P004 (100058)","CIC"
"100059","CIC-2076-02_P005 (100059)","CIC"
"100060","CIC-2076-04_P002 (100060)","CIC"
"100061","CIC-2076-04_P003 (100061)","CIC"
"100062","CIC-2076-04_P004 (100062)","CIC"
"100063","CIC-2076-05_P002 (100063)","CIC"
"100064","CIC-2076-07_P001 (100064)","CIC"
"100065","CIC-2076-07_P003 (100065)","CIC"
"100066","CIC-2076-07_P004 (100066)","CIC"
"100067","CIC-2076-08_P003 (100067)","CIC"
"100068","CIC-2076-09_P001 (100068)","CIC"
"100069","CIC-2076-09_P002 (100069)","CIC"
"100070","CIC-2076-09_P003 (100070)","CIC"
"100071","CIC-2076-09_P004 (100071)","CIC"
"100072","CIC-2076-09_P005 (100072)","CIC"
"100073","CIC-2076-09_P006 (100073)","CIC"
"100074","CIC-2076-09_P008 (100074)","CIC"
"100075","CIC-2076-10_P002 (100075)","CIC"
"100076","CIC-2076-10_P004 (100076)","CIC"
"100077","CIC-2076-11_P001 (100077)","CIC"
"100078","CIC-2076-11_P002 (100078)","CIC"
"100079","CIC-2076-11_P004 (100079)","CIC"
"100080","CIC-2076-11_P005 (100080)","CIC"
"100081","CIC-2076-14_P005 (100081)","CIC"
"100082","CIC-2076-14_P006 (100082)","CIC"
"100083","CIC-2076-14_P007 (100083)","CIC"
"100084","CIC-2076-14_P008 (100084)","CIC"
"100085","CIC-2076-14_P009 (100085)","CIC"
"100086","CIC-2076-15_P001 (100086)","CIC"
"100087","CIC-2076-15_P002 (100087)","CIC"
"100088","CIC-2076-16_P001 (100088)","CIC"
"100089","CIC-2076-16_P002 (100089)","CIC"
"100090","CIC-2076-16_P003 (100090)","CIC"
"100091","CIC-2076-16_P004 (100091)","CIC"
"100092","CIC-2076-16_P005 (100092)","CIC"
"100093","CIC-2076-16_P006 (100093)","CIC"
"100094","CIC-2076-16_P007 (100094)","CIC"
"100095","CIC-2076-16_P008 (100095)","CIC"
"100096","CIC-2076-18_P001 (100096)","CIC"
"100097","CIC-2076-18_P003 (100097)","CIC"
"100098","MDP-2049-01_P004 (100098)","MDP"
"100099","MDP-2049-01_P010 (100099)","MDP"
"100100","MDP-2049-01_P014 (100100)","MDP"
"100101","MDP-2049-01_P024 (100101)","MDP"
"100102","MDP-2049-02_P001 (100102)","MDP"
"100103","MDP-2049-02_P002 (100103)","MDP"
"100104","MDP-2049-02_P009 (100104)","MDP"
"100105","MDP-2049-02_P016 (100105)","MDP"
"100106","MDP-2049-02_P025 (100106)","MDP"
"100107","MDP-2049-02_P026 (100107)","MDP"
"100108","MDP-2049-02_P027 (100108)","MDP"
"100109","MDP-2049-02_P028 (100109)","MDP"
"100110","MDP-2049-02_P029 (100110)","MDP"
"100111","MDP-2049-03_P003 (100111)","MDP"
"100112","MDP-2049-04_P006 (100112)","MDP"
"100113","MDP-2049-06_P015 (100113)","MDP"
"100114","MDP-2049-06_P018 (100114)","MDP"
"100115","MDP-2049-07_P011 (100115)","MDP"
"100116","MDP-2049-07_P013 (100116)","MDP"
"100117","MDP-2049-07_P019 (100117)","MDP"
"100118","MDP-2049-07_P023 (100118)","MDP"
"100119","MDP-2050-02_P008 (100119)","MDP"
"100120","MDP-2050-02_P017 (100120)","MDP"
"100121","MDP-2050-03_P004 (100121)","MDP"
"100122","MDP-2050-03_P006 (100122)","MDP"
"100123","MDP-2050-03_P014 (100123)","MDP"
"100124","MDP-2050-04_P012 (100124)","MDP"
"100125","MDP-2050-04_P016 (100125)","MDP"
"100126","MDP-2050-05_P010 (100126)","MDP"
"100127","MDP-2050-06_P005 (100127)","MDP"
"100128","MDP-2050-07_P009 (100128)","MDP"
"100129","MDP-2051-01_P001 (100129)","MDP"
"100130","MDP-2051-01_P002 (100130)","MDP"
"100131","MDP-2051-02_P001 (100131)","MDP"
"100132","MDP-2051-02_P002 (100132)","MDP"
"100133","MDP-2052-01_P002 (100133)","MDP"
"100134","MDP-2052-01_P003 (100134)","MDP"
"100135","MDP-2052-01_P004 (100135)","MDP"
"100136","MDP-2052-01_P006 (100136)","MDP"
"100137","MDP-2053-01_P003 (100137)","MDP"
"100138","MDP-2053-02_P008 (100138)","MDP"
"100139","MDP-2053-02_P013 (100139)","MDP"
"100140","MDP-2053-03_P002 (100140)","MDP"
"100141","MDP-2053-03_P007 (100141)","MDP"
"100142","MDP-2053-03_P010 (100142)","MDP"
"100143","MDP-2053-04_P014 (100143)","MDP"
"100144","MDP-2053-05_P001 (100144)","MDP"
"100145","MDP-2053-05_P006 (100145)","MDP"
"100146","MDP-2054-01_P002 (100146)","MDP"
"100147","MDP-2054-01_P005 (100147)","MDP"
"100148","MDP-2054-01_P006 (100148)","MDP"
"100149","MDP-2054-01_P008 (100149)","MDP"
"100150","MDP-2055-01_P004 (100150)","MDP"
"100151","MDP-2055-01_P006 (100151)","MDP"
"100152","MDP-2055-03_P001 (100152)","MDP"
"100153","MDP-2055-03_P003 (100153)","MDP"
"100154","MDP-2055-03_P005 (100154)","MDP"
"100155","MDP-2055-03_P007 (100155)","MDP"
"100156","MDP-2055-03_P008 (100156)","MDP"
"100157","MDP-2056-01_P001 (100157)","MDP"
"100158","MDP-2056-01_P006 (100158)","MDP"
"100159","MDP-2056-02_P002 (100159)","MDP"
"100160","MDP-2056-03_P005 (100160)","MDP"
"100161","MDP-2056-03_P009 (100161)","MDP"
"100162","MDP-2056-04_P003 (100162)","MDP"
"100163","MDP-2056-04_P007 (100163)","MDP"
"100164","MDP-2056-05_P004 (100164)","MDP"
"100165","MDP-2056-05_P008 (100165)","MDP"
"100166","MDP-2057-01_P002 (100166)","MDP"
"100167","MDP-2057-03_P001 (100167)","MDP"
"100168","MDP-2057-04_P001 (100168)","MDP"
"100169","MDP-2057-05_P001 (100169)","MDP"
"100170","MDP-2057-06_P002 (100170)","MDP"
"100171","MDP-2057-06_P003 (100171)","MDP"
"100172","MDP-2057-07_P001 (100172)","MDP"
"100173","MDP-2057-08_P004 (100173)","MDP"
"100174","MDP-2057-09_P001 (100174)","MDP"
"100175","MDP-2057-10_P002 (100175)","MDP"
"100176","MDP-2057-16_P002 (100176)","MDP"
"100177","MDP-2057-16_P004 (100177)","MDP"
"100178","MDP-2057-16_P005 (100178)","MDP"
"100179","MDP-2057-17_P001 (100179)","MDP"
"100180","MDP-2057-18_P004 (100180)","MDP"
"100181","MDP-2057-18_P005 (100181)","MDP"
"100182","MDP-2057-19_P001 (100182)","MDP"
"100183","MDP-2057-20_P004 (100183)","MDP"
"100184","MDP-2057-20_P005 (100184)","MDP"
"100185","MDP-2057-21_P001 (100185)","MDP"
"100186","MDP-2057-22 (100186)","MDP"
"100187","MDP-2057-22_P001 (100187)","MDP"
"100188","MDP-2057-24_P004 (100188)","MDP"
"100189","MDP-2057-24_P005 (100189)","MDP"
"100190","MDP-2057-26_P001 (100190)","MDP"
"100191","MDP-2057-9101 (100191)","MDP"
"100192","MDP-2057-IdRest17 (100192)","MDP"
"100193","MDP-2058-01_P001 (100193)","MDP"
"100194","MDP-2058-01_P003 (100194)","MDP"
"100195","MDP-2059-01_P004 (100195)","MDP"
"100196","MDP-2059-03_P003 (100196)","MDP"
"100197","MDP-2061-01_P005 (100197)","MDP"
"100198","MDP-2061-01_P007 (100198)","MDP"
"100199","MDP-2061-01_P009 (100199)","MDP"
"100200","MDP-2061-01_P011 (100200)","MDP"
"100201","MDP-2061-01_P013 (100201)","MDP"
"100202","MDP-2061-01_P014 (100202)","MDP"
"100203","MDP-2061-02_P001 (100203)","MDP"
"100204","MDP-2061-04_P002 (100204)","MDP"
"100205","MDP-2061-04_P004 (100205)","MDP"
"100206","MDP-2061-04_P006 (100206)","MDP"
"100207","MDP-2061-04_P008 (100207)","MDP"
"100208","MDP-2061-04_P010 (100208)","MDP"
"100209","MDP-2061-04_P012 (100209)","MDP"
"100210","MDP-2073-01_P003 (100210)","MDP"
"100211","MDP-2073-01_P004 (100211)","MDP"
"100212","MDP-2073-01_P005 (100212)","MDP"
"100213","MDP-2074-01_P001 (100213)","MDP"
"100214","MDP-2075-01_P001 (100214)","MDP"
"100215","MDP-2075-01_P003 (100215)","MDP"
"100216","MDP-2075-01_P004 (100216)","MDP"
"100217","MDP-2075-01_P006 (100217)","MDP"
"100218","MDP-2075-01_P009 (100218)","MDP"
"100219","MDP-2075-01_P013 (100219)","MDP"
"100220","MDP-2075-01_P014 (100220)","MDP"
"100221","MDP-3427-01 (100221)","MDP"
"100222","MDP-3427-02 (100222)","MDP"
"100223","MDP-3427-03 (100223)","MDP"
"100224","MDP-3428-01 (100224)","MDP"
"100225","MDP-3428-03 (100225)","MDP"
"100226","MDP-3428-04 (100226)","MDP"
"100227","MDP-3428-05 (100227)","MDP"
"100228","MDP-3429-01 (100228)","MDP"
"100229","MDP-3430-01 (100229)","MDP"
"100230","MDP-3430-07 (100230)","MDP"
"100231","MDP-3432-02_01 (100231)","MDP"
"100232","MDP-3432-03_01 (100232)","MDP"
"100233","MDP-3432-03_02 (100233)","MDP"
"100234","MDP-3433-03_02 (100234)","MDP"
"100235","MDP-3433-04_01 (100235)","MDP"
"100236","MDP-3433-04_02 (100236)","MDP"
"100237","MDP-3435-01 (100237)","MDP"
"100238","MDP-3435-05 (100238)","MDP"
"100239","MDP-3438-02 (100239)","MDP"
"100240","PHI-1742-027 (100240)","PHI"
"100241","PHI-1742-034 (100241)","PHI"
"100242","PHI-1742-041 (100242)","PHI"
"100243","PHI-3417-002 (100243)","PHI"
"100244","CEP-3561-A001_MUV_C001 (100244)","CEP"
"100245","CEP-3561-A001_MUV_P001 (100245)","CEP"
"100246","CEP-3561-A002_MUV_P001 (100246)","CEP"
"100247","CEP-3561-A002_MUV_P002 (100247)","CEP"
"100248","CEP-3561-A002_MUV_P003 (100248)","CEP"
"100249","CEP-3561-A002_MUV_P004 (100249)","CEP"
"100250","CEP-3561-A002_MUV_P005 (100250)","CEP"
"100251","CEP-3561-A002_MUV_P006 (100251)","CEP"
"100252","CEP-3561-A002_MUV_P007 (100252)","CEP"
"100253","CEP-3561-A002_MUV_P008 (100253)","CEP"
"100254","CEP-3561-A002_MUV_P009 (100254)","CEP"
"100255","CEP-3561-A002_MUV_P010 (100255)","CEP"
"RPA-test_restoration","New/Test Plot (Restoration)","RPA"
"RPA-test_control","New/Test Plot (Control)","RPA"
"CIC-test_restoration","New/Test Plot (Restoration)","CIC"
"CIC-test_control","New/Test Plot (Control)","CIC"
"MDP-test_restoration","New/Test Plot (Restoration)","MDP"
"MDP-test_control","New/Test Plot (Control)","MDP"
"PHI-test_restoration","New/Test Plot (Restoration)","PHI"
"PHI-test_control","New/Test Plot (Control)","PHI"
"CEP-test_restoration","New/Test Plot (Restoration)","CEP"
"CEP-test_control","New/Test Plot (Control)","CEP"
