"site_id","site_name","site_type","site_size_restoration","site_size_control"
"274","Medina De Rioseco P4.263","restoration","yes","no"
"275","MOLEZUELAS DE LA CARBALLEDA P501.1657","restoration","yes",NA
"302","REVILLA DEL CAMPO P609.397.398.399 P510.405","restoration","yes",NA
"306","TORRELARA P510.424","restoration","yes",NA
"307","TORRELARA P510.459","restoration","yes",NA
"2076","Parque Nacional do Descobrimento - Área 18","restoration","yes",NA
"2049","Sítio 1 (Fazenda Álamo)","restoration","yes",NA
"2050","Sítio 2 (Fazenda Álamo)","restoration","yes",NA
"2051","Sítio 3 (Fazenda Álamo)","restoration","yes",NA
"2052","Sítio 4 (Fazenda Álamo)","restoration","yes",NA
"2053","Sítio 5 (Fazenda Álamo)","restoration","yes",NA
"2054","Sítio 6 (Fazenda Álamo)","restoration","yes",NA
"2055","Sítio 7 (Fazenda Álamo)","restoration","yes",NA
"2056","Sítio 8 (Fazenda Álamo)","restoration","yes",NA
"2057","Sítio 9 (Fazenda Alvorada)","restoration","yes",NA
"2058","Sítio 10 (Fazenda Prosperidade)","restoration","yes",NA
"2059","Sítio 11 (Fazenda Prosperidade)","restoration","yes",NA
"2061","Sítio 13 (Fazenda Prosperidade)","restoration","yes",NA
"2073","Sítio 14 (Fazenda Mata Bonita)","restoration","yes",NA
"2074","Sítio 15 (Fazenda Mata Bonita)","restoration","yes",NA
"2075","Sítio 16 (Fazenda Mata Bonita)","restoration","yes",NA
"3427","Sítio 4 - Fazenda Ferro Estrela (CI 2)","restoration","yes",NA
"3428","Sítio 5 - Fazenda Ferro Estrela (CI 2)","restoration","yes",NA
"3429","Sítio 6 - Fazenda Ferro Estrela (CI 2)","restoration","no",NA
"3430","Sítio 7 - Fazenda Ferro Estrela (CI 2)","restoration","yes",NA
"3432","Sítio 9 - Fazenda Álamo (CI 2)","restoration","yes",NA
"3433","Sítio 8 - Fazenda Álamo (CI 2)","restoration","yes",NA
"3435","Sítio 11 - Fazenda Álamo (CI 2)","restoration","yes",NA
"3438","Sítio 14 - Fazenda Lagoa do Segredo (CI 2)","restoration","yes",NA
"1742","Kayasan Ancestral Domain in Puerto Princesa Subterranean River National Park","restoration","yes","no"
"3417","Cleopatra’s Needle Critical Habitat - Concepcion","control",NA,"no"
"3561","Fazenda Brandão","restoration","yes","yes"
"0000","0000","restoration","100","100"
