"plot_id","timeframe","reminder_1_9cm_dbh","reminder_planted","reminder_10cm_dbh"
100000,"y2.5"," - 2 Pinus pinea (planted)"," - 89 Pinus pinea (planted) - 8 Juniperus thurifera (planted)"," - 1 Pinus halepensis (regenerating)"
100001,"y2.5",NA," - 31 Pinus halepensis (planted) - 19 Juniperus thurifera (planted) - 1 Quercus faginea (planted)",NA
100002,"y2.5"," - 1 Pinus halepensis (planted)"," - 35 Pinus halepensis (planted) - 28 Juniperus thurifera (planted)",NA
100004,"y2.5",NA," - 30 Pinus halepensis (planted) - 30 Juniperus thurifera (planted)",NA
100005,"y2.5"," - 1 Juniperus thurifera (planted)"," - 48 Pinus halepensis (planted) - 19 Juniperus thurifera (planted)",NA
100006,"y0",NA," - 78 Pinus pinea (planted) - 23 Juniperus thurifera (planted)",NA
100007,"y0",NA," - 63 Pinus pinea (planted) - 50 Juniperus thurifera (planted)",NA
100008,"y2.5"," - 1 Juniperus thurifera (planted)"," - 50 Pinus halepensis (planted) - 36 Juniperus thurifera (planted)",NA
100009,"y0",NA," - 68 Pinus pinea (planted) - 25 Juniperus thurifera (planted)",NA
100010,"y0",NA," - 56 Pinus pinea (planted) - 38 Juniperus thurifera (planted)",NA
100011,"y0",NA," - 65 Pinus pinea (planted) - 15 Juniperus thurifera (planted)",NA
100012,"y2.5"," - 1 Pinus pinea (planted)"," - 71 Pinus pinea (planted) - 32 Juniperus thurifera (planted) - 1 Quercus ilex (planted)",NA
100013,"y2.5"," - 1 Pinus pinea (planted)"," - 29 Pinus halepensis (planted) - 29 Juniperus thurifera (planted) - 15 Pinus pinea (planted) - 15 Juniperus oxycedrus (planted)",NA
100014,"y2.5"," - 1 Pinus halepensis (planted)"," - 33 Pinus halepensis (planted) - 11 Juniperus thurifera (planted)",NA
100015,"y2.5"," - 1 Pinus halepensis (planted)"," - 83 Pinus halepensis (planted) - 4 Juniperus thurifera (planted)",NA
100016,"y2.5",NA," - 1 Juniperus oxycedrus (planted) - 16 Juniperus thurifera (planted) - 41 Pinus pinea (planted)",NA
100017,"y2.5"," - 1 Juniperus thurifera (planted)"," - 11 Juniperus thurifera (planted) - 34 Pinus halepensis (planted) - 22 Pinus pinea (planted)",NA
100018,"y2.5"," - 1 Pinus pinea (planted)"," - 75 Pinus halepensis (planted) - 11 Pinus pinea (planted)",NA
100019,"y2.5",NA," - 44 Pinus pinea (planted) - 34 Juniperus thurifera (planted) - 4 Quercus faginea (planted) - 2 Juniperus oxycedrus (planted)",NA
100020,"y2.5"," - 1 Pinus pinea (planted) - 1 Juniperus thurifera (planted)"," - 42 Pinus pinea (planted) - 31 Juniperus thurifera (planted)",NA
100021,"y2.5"," - 1 Pinus pinea (planted)"," - 41 Pinus pinea (planted) - 8 Juniperus thurifera (planted) - 5 Juniperus oxycedrus (planted) - 4 Quercus faginea (planted)",NA
100022,"y2.5"," - 1 Pinus pinea (planted)"," - 27 Pinus pinea (planted) - 7 Juniperus thurifera (planted) - 3 Juniperus oxycedrus (planted)",NA
100023,"y2.5"," - 1 Pinus pinea (planted)"," - 23 Pinus pinea (planted) - 4 Juniperus thurifera (planted) - 13 Juniperus oxycedrus (planted)",NA
100024,"y2.5"," - 1 Pinus pinea (planted)"," - 40 Pinus pinea (planted) - 1 Juniperus thurifera (planted) - 9 Juniperus oxycedrus (planted)",NA
100025,"y2.5",NA," - 54 Pinus halepensis (planted) - 6 Juniperus thurifera (planted) - 8 Juniperus oxycedrus (planted) - 8 Quercus faginea (planted)",NA
100026,"y0",NA," - 141 Pinus nigra (planted)",NA
100027,"y0",NA," - 130 Pinus nigra (planted)",NA
100028,"y2.5"," - 1 Pinus nigra (planted)"," - 100 Pinus nigra (planted)"," - 1 Quercus ilex (regenerating)"
100029,"y2.5"," - 1 Pinus nigra (planted)"," - 117 Pinus nigra (planted)",NA
100030,"y2.5",NA," - 143 Pinus pinea (planted)",NA
100031,"y2.5"," - 2 Pinus nigra (planted)"," - 131 Pinus nigra (planted)",NA
100032,"y2.5"," - 2 Pinus nigra (planted)"," - 112 Pinus nigra (planted)"," - 2 Quercus ilex (regenerating)"
100033,"y2.5"," - 2 Pinus nigra (planted)"," - 112 Pinus nigra (planted)"," - 2 Quercus ilex (regenerating)"
100034,"y2.5"," - 1 Juniperus thurifera (planted)"," - 84 Juniperus thurifera (planted)",NA
100035,"y2.5",NA," - 50 Pinus nigra (planted) - 17 Juniperus thurifera (planted)",NA
100036,"y2.5"," - 1 Pinus nigra (planted)"," - 53 Pinus nigra (planted) - 22 Juniperus thurifera (planted)",NA
100037,"y2.5",NA," - 60 Pinus nigra (planted)",NA
100038,"y2.5",NA," - 48 Juniperus thurifera (planted) - 32 Quercus faginea (planted)",NA
100039,"y2.5"," - 1 Pinus nigra (planted)"," - 95 Pinus nigra (planted)",NA
100040,"y2.5"," - 6 Quercus ilex (regenerating) - 1 Juniperus communis (regenerating)"," - 5 Pinus nigra (planted) - 1 Quercus ilex (planted) - 91 Juniperus thurifera (planted)"," - 3 Quercus ilex (regenerating)"
100041,"y2.5"," - 1 Quercus ilex (regenerating)"," - 1 Pinus nigra (planted) - 58 Juniperus thurifera (planted)",NA
100042,"y2.5"," - 1 Juniperus thurifera (planted)"," - 3 Pinus nigra (planted) - 72 Juniperus thurifera (planted)",NA
100043,"y2.5"," - 2 Juniperus thurifera (planted)"," - 2 Pinus nigra (planted) - 102 Juniperus thurifera (planted)",NA
100044,"y2.5"," - 1 Juniperus thurifera (planted)"," - 4 Pinus nigra (planted) - 75 Juniperus thurifera (planted)"," - 4 Quercus ilex (regenerating)"
100045,"y2.5"," - 1 Quercus ilex (regenerating)"," - 85 Juniperus thurifera (planted) - 3 Pinus nigra (planted)",NA
100046,"y2.5"," - 1 Juniperus oxycedrus (planted)"," - 75 Juniperus oxycedrus (planted) - 17 Pinus nigra (planted) - 1 Quercus ilex (planted)",NA
100047,"y2.5"," - 1 Quercus ilex (regenerating) - 6 Quercus faginea (regenerating) - 6 Juniperus communis (regenerating) - 1 Juniperus oxycedrus (regenerating)"," - 81 Juniperus oxycedrus (planted) - 3 Pinus nigra (planted) - 1 Quercus ilex (planted)",NA
100048,"y2.5"," - 1 Quercus ilex (regenerating) - 3 Quercus faginea (regenerating)"," - 2 Quercus faginea (planted) - 9 Pinus nigra (planted) - 7 Quercus ilex (planted) - 30 Juniperus thurifera (planted)",NA
100049,"y0",NA," - 1 Anadenanthera colubrina (planted) - 1 Bixa orellana (planted) - 2 Enterolobium contortisiliquum (planted) - 9 Lafoensia pacari (planted) - 8 Mimosa bimucronata (planted) - 9 Peltophorum dubium (planted) - 1 Schizolobium parahyba (planted) - 11 Senna multijuga (planted)"," - 1 Acacia mangium (present) - 4 Albizia polycephala (present) - 3 Byrsonima sericea (present) - 1 Tapirira guianensis (present) - 1 Trichilia lepidota (present)"
100050,"y0"," - 2 Annona glabra (regenerating) - 5 Bactris caryotifolia (regenerating) - 1 Eschweilera ovata (regenerating) - 1 Syzygium aqueum (regenerating)"," - 1 Anadenanthera colubrina (planted) - 6 Cariniana estrellensis (planted) - 1 Cecropia pachystachya (planted) - 5 Joannesia princeps (planted) - 8 Mimosa bimucronata (planted) - 6 Peltophorum dubium (planted) - 4 Schizolobium parahyba (planted) - 4 Senna multijuga (planted) - 7 Syzygium aqueum (planted)"," - 1 Albizia polycephala (present) - 1 Bactris acanthocarpa (present) - 1 Byrsonima sericea (present) - 5 Inga blanchetiana (present) - 2 Tapirira guianensis (present) - 1 Zanthoxylum rhoifolium (present)"
100051,"y0"," - 1 Machaerium pedicellatum (present)"," - 1 Bixa orellana (planted) - 4 Joannesia princeps (planted) - 1 Mimosa bimucronata (planted) - 2 Peltophorum dubium (planted) - 1 Schinus terebinthifolia (planted) - 1 Senna multijuga (planted)"," - 1 Byrsonima sericea (present) - 1 Ficus guaranitica (present) - 1 Inga capitata (present) - 1 Pseudobombax grandiflorum (present)"
100052,"y0",NA," - 2 Anadenanthera colubrina (planted) - 2 Cedrela odorata (planted) - 1 Enterolobium contortisiliquum (planted) - 7 Mimosa bimucronata (planted) - 1 Peltophorum dubium (planted) - 1 Psidium cattleyanum (planted) - 1 Senna multijuga (planted) - 2 Syzygium aqueum (planted) - 1 Triplaris americana (planted)"," - 1 Abarema filamentosa (present) - 1 Byrsonima sericea (present) - 1 Cupania ludowigii (present) - 11 Cupania racemosa (present) - 1 Inga capitata (present) - 2 Inga sessilis (present) - 2 Ocotea puberula (present) - 1 Pouteria venosa (present) - 1 Psidium cattleyanum (present) - 1 Schinus terebinthifolia (present)"
100053,"y0"," - 1 Schinus terebinthifolia (regenerating)"," - 1 Enterolobium contortisiliquum (planted) - 1 Mimosa bimucronata (planted) - 4 Peltophorum dubium (planted) - 1 Syzygium aqueum (planted)",NA
100054,"y0"," - 0 Ficus guaranitica (regenerating) - 2 Swartzia oblata (present)"," - 1 Inga laurina (planted) - 1 Lafoensia pacari (planted) - 1 Psidium guineense (planted) - 1 Schinus terebinthifolia (planted)",NA
100055,"y0"," - 1 Himatanthus bracteatus (regenerating)",NA," - 1 Cupania ludowigii (present) - 1 Matayba guianensis (present) - 1 Schinus terebinthifolia (present)"
100056,"y0"," - 1 Eschweilera ovata (regenerating) - 1 Inga thibaudiana (regenerating)"," - 1 Byrsonima sericea (planted) - 1 Eriotheca pentaphylla (planted) - 1 Guatteria sellowiana (planted) - 5 Guazuma ulmifolia (planted) - 3 Inga laurina (planted) - 3 Joannesia princeps (planted) - 10 Mimosa bimucronata (planted) - 3 Psidium guineense (planted) - 3 Schinus terebinthifolia (planted) - 1 Triplaris americana (planted)"," - 2 Byrsonima sericea (present) - 1 Inga thibaudiana (present) - 1 Tapirira guianensis (present)"
100057,"y0"," - 1 Byrsonima sericea (regenerating) - 2 Dictyoloma vandellianum (present) - 1 Trichilia lepidota (present)",NA," - 1 Byrsonima sericea (present) - 1 Dictyoloma vandellianum (present) - 3 Eriotheca pentaphylla (present) - 1 Guatteria sellowiana (present) - 1 Inga thibaudiana (present) - 1 Tapirira guianensis (present) - 1 Vismia guianensis (present)"
100058,"y0"," - 1 Byrsonima sericea (regenerating) - 1 Schinus terebinthifolia (regenerating)"," - 2 Cedrela odorata (planted) - 1 Citharexylum myrianthum (planted) - 2 Inga laurina (planted) - 13 Joannesia princeps (planted) - 13 Mimosa bimucronata (planted) - 2 Mimosa schomburgkii (planted) - 2 Schinus terebinthifolia (planted) - 1 Triplaris americana (planted)"," - 5 Byrsonima sericea (present) - 2 Inga thibaudiana (present) - 1 Tapirira guianensis (present) - 1 Vismia guianensis (present)"
100059,"y0"," - 1 Byrsonima sericea (regenerating) - 3 Dictyoloma vandellianum (regenerating) - 1 Eschweilera ovata (present) - 1 Inga thibaudiana (present)"," - 1 Bixa orellana (planted) - 2 Cedrela odorata (planted) - 1 Enterolobium contortisiliquum (planted) - 7 Guazuma ulmifolia (planted) - 5 Inga laurina (planted) - 1 Psidium guineense (planted) - 1 Schinus terebinthifolia (planted)"," - 1 Chrysophyllum marginatum (present) - 1 Dictyoloma vandellianum (present) - 1 Eriotheca pentaphylla (present) - 2 Inga thibaudiana (present) - 1 Tapirira guianensis (present) - 1 Zanthoxylum rhoifolium (present)"
100060,"y0"," - 2 Machaerium pedicellatum (present)"," - 1 Joannesia princeps (planted) - 2 Schinus terebinthifolia (planted)"," - 1 Machaerium pedicellatum (present) - 1 Pseudopiptadenia contorta (present) - 3 Schinus terebinthifolia (present)"
100061,"y0"," - 1 Byrsonima sericea (regenerating) - 2 Dictyoloma vandellianum (present)"," - 2 Citharexylum myrianthum (planted) - 2 Euterpe edulis (planted) - 2 Schinus terebinthifolia (planted)"," - 6 Byrsonima sericea (present) - 1 Dictyoloma vandellianum (present) - 6 Inga thibaudiana (present) - 1 Schinus terebinthifolia (present) - 6 Syagrus pseudococos (present)"
100062,"y0"," - 2 Eugenia uniflora (regenerating) - 1 Dictyoloma vandellianum (present) - 1 Inga capitata (present)"," - 2 Hymenaea stigonocarpa (planted)"," - 1 Diospyros lasiocalyx (present) - 1 Hymenaea courbaril (present) - 5 Inga capitata (present) - 1 Inga thibaudiana (present) - 2 Schinus terebinthifolia (present)"
100063,"y0"," - 1 Eschweilera ovata (regenerating) - 3 Vismia guianensis (present)"," - 1 Schinus terebinthifolia (planted) - 1 Senegalia polyphylla (planted)"," - 1 Albizia polycephala (present) - 1 Andira fraxinifolia (present) - 8 Byrsonima sericea (present) - 1 Eriotheca pentaphylla (present) - 1 Guatteria sellowiana (present) - 1 Inga capitata (present) - 2 Inga thibaudiana (present) - 1 Nectandra membranacea (present) - 3 Tapirira guianensis (present) - 3 Vismia guianensis (present)"
100064,"y0"," - 2 Byrsonima sericea (present) - 1 Dictyoloma vandellianum (present) - 2 Eschweilera ovata (present) - 1 Vismia guianensis (present)"," - 2 Inga edulis (planted) - 7 Joannesia princeps (planted) - 1 Schinus terebinthifolia (planted) - 3 Senna multijuga (planted) - 1 Tapirira guianensis (planted)"," - 3 Byrsonima sericea (present) - 1 Eriotheca pentaphylla (present) - 1 Eschweilera ovata (present) - 1 Faramea multiflora (present) - 4 Inga thibaudiana (present) - 1 Pseudopiptadenia contorta (present) - 2 Senna multijuga (present) - 1 Tapirira guianensis (present) - 1 Xylopia aromatica (present)"
100065,"y0"," - 1 Byrsonima sericea (regenerating) - 1 Dictyoloma vandellianum (regenerating) - 1 Inga thibaudiana (regenerating) - 1 Myrcia excoriata (regenerating) - 1 Pouteria venosa (regenerating) - 2 Vismia guianensis (regenerating)"," - 1 Nectandra membranacea (planted) - 1 Senna multijuga (planted)"," - 4 Albizia polycephala (present) - 3 Byrsonima sericea (present) - 1 Cupania racemosa (present) - 7 Dictyoloma vandellianum (present) - 1 Eschweilera ovata (present) - 1 Ficus guaranitica (present) - 1 Melanoxylon brauna (present) - 2 Syagrus pseudococos (present) - 1 Tapirira guianensis (present) - 1 Vismia guianensis (present)"
100066,"y0"," - 2 Byrsonima sericea (present) - 2 Eschweilera ovata (present) - 1 Nectandra cissiflora (present)"," - 1 Euterpe edulis (planted) - 1 Inga edulis (planted) - 2 Schinus terebinthifolia (planted)"," - 2 Vismia guianensis (present) - 3 Vismia guianensis (present) - 6 Byrsonima sericea (present) - 1 Eschweilera ovata (present) - 1 Inga thibaudiana (present) - 5 Nectandra membranacea (present) - 2 Tapirira guianensis (present)"
100067,"y0"," - 1 Bactris acanthocarpa (regenerating) - 2 Eschweilera ovata (regenerating) - 2 Lonchocarpus cultratus (regenerating)",NA," - 1 Acacia mangium (present) - 5 Byrsonima sericea (present) - 2 Dictyoloma vandellianum (present) - 1 Inga blanchetiana (present) - 1 Inga capitata (present) - 1 Melanoxylon brauna (present) - 2 Tapirira guianensis (present)"
100068,"y0"," - 1 Schinus terebinthifolia (present)"," - 1 Anadenanthera colubrina (planted) - 1 Bixa orellana (planted) - 1 Heliocarpus americanus (planted) - 2 Inga edulis (planted) - 1 Inga laurina (planted) - 6 Joannesia princeps (planted) - 1 Mimosa schomburgkii (planted) - 3 Schinus terebinthifolia (planted) - 2 Senegalia polyphylla (planted)"," - 1 Albizia polycephala (present) - 2 Byrsonima sericea (present)"
100069,"y0"," - 1 Baccharis dracunculifolia (regenerating) - 1 Matayba guianensis (regenerating) - 1 Pouteria venosa (regenerating) - 1 Schinus terebinthifolia (present)"," - 1 Euterpe edulis (planted) - 1 Hymenaea courbaril (planted) - 4 Joannesia princeps (planted) - 8 Schinus terebinthifolia (planted)"," - 5 Inga capitata (present) - 2 Schinus terebinthifolia (present)"
100070,"y0"," - 2 Andira nitida (regenerating) - 1 Inga Mill. (regenerating)"," - 1 Astronium urundeuva (planted) - 1 Cecropia pachystachya (planted) - 1 Cedrela odorata (planted) - 1 Guazuma ulmifolia (planted) - 1 Hymenaea courbaril (planted) - 5 Inga edulis (planted) - 1 Inga laurina (planted) - 1 Joannesia princeps (planted) - 1 Mimosa schomburgkii (planted) - 4 Peltophorum dubium (planted) - 2 Schinus terebinthifolia (planted) - 1 Senna alata (planted) - 1 Senna multijuga (planted)"," - 2 Abarema villosa (present)"
100071,"y0"," - 1 Pera glabrata (regenerating) - 1 Xylopia aromatica (regenerating)"," - 5 Bixa orellana (planted) - 2 Guazuma ulmifolia (planted) - 1 Hymenaea courbaril (planted) - 3 Inga edulis (planted) - 6 Joannesia princeps (planted) - 3 Peltophorum dubium (planted) - 2 Schinus terebinthifolia (planted) - 1 Senegalia polyphylla (planted) - 2 Senna alata (planted)"," - 4 Byrsonima sericea (present) - 4 Tapirira guianensis (present)"
100072,"y0"," - 1 Cupania vernalis (regenerating) - 1 Inga Mill. (regenerating)"," - 2 Annona montana (planted) - 2 Bixa orellana (planted) - 1 Cedrela odorata (planted) - 6 Guazuma ulmifolia (planted) - 2 Heliocarpus americanus (planted) - 3 Inga edulis (planted) - 1 Senegalia polyphylla (planted) - 2 Senna alata (planted) - 1 Senna multijuga (planted) - 3 Trema micranthum (planted)"," - 1 Acacia mangium (present) - 1 Inga capitata (present)"
100073,"y0"," - 1 Cordia ecalyculata (regenerating)"," - 1 Anadenanthera colubrina (planted) - 3 Annona montana (planted) - 2 Bixa orellana (planted) - 1 Cariniana estrellensis (planted) - 1 Guazuma ulmifolia (planted) - 1 Handroanthus chrysotrichus (planted) - 1 Handroanthus serratifolius (planted) - 3 Inga edulis (planted) - 8 Joannesia princeps (planted) - 1 Mimosa schomburgkii (planted) - 1 Myrcia excoriata (planted) - 3 Peltophorum dubium (planted) - 4 Schinus terebinthifolia (planted) - 1 Schizolobium parahyba (planted) - 4 Senegalia polyphylla (planted) - 2 Senna alata (planted) - 1 Senna multijuga (planted)"," - 2 Byrsonima sericea (present) - 1 Tapirira guianensis (present)"
100074,"y0"," - 1 Baccharis dracunculifolia (regenerating) - 1 Inga thibaudiana (present)"," - 4 Bixa orellana (planted) - 2 Cedrela odorata (planted) - 2 Euterpe edulis (planted) - 7 Guazuma ulmifolia (planted) - 1 Hymenaea courbaril (planted) - 4 Joannesia princeps (planted) - 4 Mimosa bimucronata (planted) - 1 Psidium guineense (planted) - 6 Schinus terebinthifolia (planted) - 3 Senegalia polyphylla (planted) - 1 Trema micranthum (planted)"," - 1 Schinus terebinthifolia (present) - 1 Tapirira guianensis (present)"
100075,"y0"," - 1 Schinus terebinthifolia (present)"," - 2 Handroanthus chrysotrichus (planted)"," - 1 Byrsonima sericea (present)"
100076,"y0"," - 1 Inga capitata (present) - 1 Schinus terebinthifolia (present)"," - 1 Inga laurina (planted) - 5 Joannesia princeps (planted) - 6 Schinus terebinthifolia (planted)"," - 1 Byrsonima sericea (present) - 2 Schinus terebinthifolia (present)"
100077,"y0"," - 1 Baccharis dracunculifolia (regenerating) - 2 Eschweilera ovata (regenerating)"," - 6 Anadenanthera colubrina (planted) - 3 Bixa orellana (planted) - 2 Cecropia pachystachya (planted) - 6 Citharexylum myrianthum (planted) - 1 Croton floribundus (planted) - 3 Enterolobium contortisiliquum (planted) - 3 Euterpe edulis (planted) - 2 Handroanthus chrysotrichus (planted) - 4 Inga edulis (planted) - 2 Mimosa schomburgkii (planted) - 1 Peltophorum dubium (planted) - 2 Schinus terebinthifolia (planted) - 1 Senna alata (planted) - 2 Senna multijuga (planted) - 4 Triplaris americana (planted)"," - 1 Tapirira guianensis (present) - 1 Pera glabrata (present) - 1 Tapirira guianensis (present)"
100078,"y0"," - 2 Eschweilera ovata (regenerating)"," - 1 Anadenanthera colubrina (planted) - 2 Bixa orellana (planted) - 4 Citharexylum myrianthum (planted) - 1 Croton urucurana (planted) - 3 Enterolobium contortisiliquum (planted) - 2 Guazuma ulmifolia (planted) - 2 Handroanthus chrysotrichus (planted) - 8 Inga edulis (planted) - 1 Inga laurina (planted) - 2 Joannesia princeps (planted) - 1 Luehea grandiflora (planted) - 1 Mimosa schomburgkii (planted) - 1 Peltophorum dubium (planted) - 1 Protium heptaphyllum (planted) - 4 Senna multijuga (planted)"," - 1 Byrsonima crassifolia (present) - 3 Inga edulis (present) - 1 Swartzia acutifolia (present) - 7 Tapirira guianensis (present)"
100079,"y0"," - 1 Matayba guianensis (present)"," - 1 Anadenanthera colubrina (planted) - 1 Citharexylum myrianthum (planted) - 1 Enterolobium contortisiliquum (planted) - 1 Eugenia brasiliensis (planted) - 5 Inga edulis (planted) - 1 Joannesia princeps (planted) - 2 Schinus terebinthifolia (planted) - 1 Triplaris americana (planted)",NA
100080,"y0"," - 1 Nao Identificada (present) - 2 Eschweilera ovata (present) - 1 Schinus terebinthifolia (present)"," - 1 Anadenanthera colubrina (planted) - 2 Astronium urundeuva (planted) - 1 Guazuma ulmifolia (planted) - 1 Handroanthus chrysotrichus (planted) - 5 Schinus terebinthifolia (planted)"," - 2 Schinus terebinthifolia (present)"
100081,"y0"," - 1 Baccharis dracunculifolia (present) - 1 Byrsonima sericea (present) - 1 Eschweilera ovata (present)"," - 5 Anadenanthera colubrina (planted) - 1 Cariniana estrellensis (planted) - 1 Enterolobium contortisiliquum (planted) - 1 Eriotheca pentaphylla (planted) - 2 Handroanthus chrysotrichus (planted) - 1 Hymenaea courbaril (planted) - 1 Inga edulis (planted) - 5 Mimosa bimucronata (planted) - 4 Schinus terebinthifolia (planted) - 1 Schizolobium parahyba (planted) - 1 Senegalia polyphylla (planted) - 11 Syzygium aqueum (planted)"," - 1 Byrsonima sericea (present) - 1 Eriotheca pentaphylla (present) - 1 Tapirira guianensis (present)"
100082,"y0"," - 1 Cordia ecalyculata (regenerating) - 1 Eschweilera ovata (regenerating) - 1 Myrcia excoriata (regenerating)"," - 2 Anadenanthera colubrina (planted) - 4 Annona glabra (planted) - 1 Colubrina glandulosa (planted) - 2 Cordia trichotoma (planted) - 1 Handroanthus chrysotrichus (planted) - 3 Hymenaea courbaril (planted) - 1 Luehea grandiflora (planted) - 3 Mimosa bimucronata (planted) - 3 Mimosa schomburgkii (planted) - 13 Psidium guineense (planted) - 3 Schinus terebinthifolia (planted) - 2 Schizolobium parahyba (planted) - 0 Senna multijuga (planted) - 2 Syzygium aqueum (planted) - 1 Trema micranthum (planted) - 2 Triplaris americana (planted)"," - 1 Syagrus pseudococos (present)"
100083,"y0"," - 1 Bactris acanthocarpa (present) - 1 Byrsonima sericea (present)"," - 1 Eriotheca pentaphylla (planted) - 6 Inga thibaudiana (planted) - 5 Mimosa bimucronata (planted)"," - 2 Andira fraxinifolia (present) - 2 Inga thibaudiana (present) - 1 Licania nitida (present) - 3 Syagrus pseudococos (present)"
100084,"y0"," - 1 Bactris acanthocarpa (regenerating) - 1 Casearia melliodora (regenerating) - 1 Eschweilera ovata (regenerating)"," - 3 Anadenanthera colubrina (planted) - 1 Bixa orellana (planted) - 2 Cedrela odorata (planted) - 1 Guazuma ulmifolia (planted) - 1 Inga edulis (planted) - 3 Mimosa bimucronata (planted) - 1 Psidium guineense (planted) - 1 Schinus terebinthifolia (planted) - 1 Solanum lycocarpum (planted) - 4 Syzygium aqueum (planted)"," - 1 Albizia polycephala (present) - 1 Eriotheca pentaphylla (present) - 1 Syagrus pseudococos (present)"
100085,"y0"," - 1 Cordia ecalyculata (regenerating) - 1 Psidium guineense (regenerating)"," - 1 Anadenanthera colubrina (planted) - 1 Annona glabra (planted) - 1 Cedrela odorata (planted) - 2 Cordia trichotoma (planted) - 4 Dilodendron bipinnatum (planted) - 13 Mimosa bimucronata (planted) - 1 Mimosa schomburgkii (planted) - 14 Psidium guineense (planted) - 2 Senna multijuga (planted) - 2 Solanum lycocarpum (planted) - 2 Triplaris americana (planted)"," - 1 Albizia polycephala (present) - 1 Cupania racemosa (present) - 1 Eriotheca pentaphylla (present) - 1 Guatteria sellowiana (present) - 1 Pouteria venosa (present) - 1 Tapirira guianensis (present)"
100086,"y0"," - 1 Baccharis dracunculifolia (present) - 1 Casearia melliodora (present) - 1 Erythroxylum columbinum (present) - 1 Eschweilera ovata (present) - 1 Schinus terebinthifolia (present)"," - 4 Anadenanthera colubrina (planted) - 1 Anadenanthera peregrina (planted) - 2 Astronium urundeuva (planted) - 1 Bixa orellana (planted) - 1 Cedrela odorata (planted) - 3 Cordia trichotoma (planted) - 2 Dilodendron bipinnatum (planted) - 3 Gallesia integrifolia (planted) - 1 Guatteria sellowiana (planted) - 4 Handroanthus chrysotrichus (planted) - 7 Inga edulis (planted) - 4 Mimosa bimucronata (planted) - 6 Mimosa schomburgkii (planted) - 2 Schinus terebinthifolia (planted) - 1 Schizolobium parahyba (planted) - 2 Syzygium aqueum (planted) - 1 Triplaris americana (planted)"," - 2 Albizia polycephala (present) - 3 Byrsonima sericea (present) - 1 Eriotheca pentaphylla (present) - 1 Guatteria sellowiana (present) - 1 Inga thibaudiana (present) - 1 Machaerium acutifolium (present) - 1 Pseudopiptadenia contorta (present) - 1 Syagrus pseudococos (present) - 3 Tapirira guianensis (present) - 1 Vismia guianensis (present) - 4 Zanthoxylum rhoifolium (present)"
100087,"y0"," - 2 Eschweilera ovata (regenerating)"," - 1 Albizia polycephala (planted) - 2 Anadenanthera colubrina (planted) - 1 Annona montana (planted) - 4 Astronium urundeuva (planted) - 1 Cedrela odorata (planted) - 1 Dictyoloma vandellianum (planted) - 1 Dilodendron bipinnatum (planted) - 6 Enterolobium contortisiliquum (planted) - 1 Jacaranda puberula (planted) - 1 Mimosa bimucronata (planted) - 2 Mimosa schomburgkii (planted) - 8 Psidium guineense (planted) - 4 Schinus terebinthifolia (planted) - 3 Schizolobium parahyba (planted) - 2 Senna multijuga (planted) - 1 Solanum lycocarpum (planted) - 3 Triplaris americana (planted)"," - 2 Albizia polycephala (present) - 1 Byrsonima sericea (present) - 2 Syagrus pseudococos (present) - 2 Tapirira guianensis (present)"
100088,"y0"," - 1 Baccharis dracunculifolia (regenerating) - 1 Schinus terebinthifolia (regenerating) - 1 Eschweilera ovata (present)"," - 1 Anadenanthera colubrina (planted) - 2 Bixa orellana (planted) - 2 Cariniana estrellensis (planted) - 6 Colubrina glandulosa (planted) - 2 Croton floribundus (planted) - 3 Gallesia integrifolia (planted) - 1 Guazuma ulmifolia (planted) - 24 Inga edulis (planted) - 19 Inga laurina (planted) - 1 Joannesia princeps (planted) - 7 Pseudobombax grandiflorum (planted) - 2 Triplaris americana (planted)"," - 1 Cordia ecalyculata (present) - 1 Tapirira guianensis (present)"
100089,"y0"," - 1 Xylopia aromatica (regenerating) - 1 Eschweilera ovata (present)"," - 2 Anadenanthera colubrina (planted) - 2 Bixa orellana (planted) - 5 Colubrina glandulosa (planted) - 1 Enterolobium contortisiliquum (planted) - 2 Gallesia integrifolia (planted) - 1 Guazuma ulmifolia (planted) - 23 Inga edulis (planted) - 12 Inga laurina (planted) - 4 Jacaranda puberula (planted) - 4 Joannesia princeps (planted) - 3 Mimosa bimucronata (planted) - 8 Pseudobombax grandiflorum (planted) - 1 Schinus terebinthifolia (planted) - 1 Trema micranthum (planted)"," - 1 Byrsonima crassifolia (present) - 1 Byrsonima sericea (present) - 1 Eriotheca pentaphylla (present) - 2 Inga thibaudiana (present) - 2 Tapirira guianensis (present) - 1 Zanthoxylum rhoifolium (present)"
100090,"y0"," - 1 Annona glabra (present) - 1 Bactris acanthocarpa (present) - 1 Byrsonima sericea (present) - 1 Cupania racemosa (present) - 1 Cybistax antisyphilitica (present)"," - 2 Bixa orellana (planted) - 1 Citharexylum myrianthum (planted) - 2 Colubrina glandulosa (planted) - 1 Croton floribundus (planted) - 2 Gallesia integrifolia (planted) - 1 Handroanthus chrysotrichus (planted) - 25 Inga edulis (planted) - 12 Inga laurina (planted) - 2 Jacaranda puberula (planted) - 1 Mimosa schomburgkii (planted) - 3 Pseudobombax grandiflorum (planted) - 1 Schinus terebinthifolia (planted)"," - 1 Byrsonima crassifolia (present) - 1 Byrsonima sericea (present) - 1 Cordia sellowiana (present) - 1 Dilodendron bipinnatum (present) - 7 Inga thibaudiana (present) - 2 Tapirira guianensis (present)"
100091,"y0"," - 1 Byrsonima sericea (regenerating) - 1 Schinus terebinthifolia (regenerating)"," - 2 Bixa orellana (planted) - 2 Gallesia integrifolia (planted) - 24 Inga edulis (planted) - 13 Inga laurina (planted) - 1 Joannesia princeps (planted) - 8 Pseudobombax grandiflorum (planted) - 2 Schinus terebinthifolia (planted) - 1 Triplaris americana (planted)",NA
100092,"y0"," - 2 Andira nitida (regenerating) - 2 Inga thibaudiana (present)"," - 1 Astronium urundeuva (planted) - 1 Bixa orellana (planted) - 3 Cariniana legalis (planted) - 1 Colubrina glandulosa (planted) - 1 Cordia trichotoma (planted) - 2 Dictyoloma vandellianum (planted) - 1 Gallesia integrifolia (planted) - 2 Handroanthus chrysotrichus (planted) - 16 Inga edulis (planted) - 2 Inga laurina (planted) - 1 Jacaranda puberula (planted) - 2 Joannesia princeps (planted) - 2 Mimosa schomburgkii (planted) - 1 Peltophorum dubium (planted) - 2 Pseudobombax grandiflorum (planted) - 1 Schinus terebinthifolia (planted) - 1 Triplaris americana (planted)"," - 5 Tapirira guianensis (present) - 1 Albizia polycephala (present) - 2 Byrsonima sericea (present) - 5 Inga thibaudiana (present) - 2 Tapirira guianensis (present)"
100093,"y0"," - 2 Byrsonima sericea (regenerating) - 1 Cupania racemosa (regenerating) - 1 Myrsine guianensis (regenerating)"," - 3 Astronium urundeuva (planted) - 1 Bixa orellana (planted) - 2 Colubrina glandulosa (planted) - 1 Croton floribundus (planted) - 1 Croton urucurana (planted) - 1 Guazuma ulmifolia (planted) - 16 Inga edulis (planted) - 4 Inga laurina (planted) - 3 Mabea fistulifera (planted) - 4 Mimosa bimucronata (planted) - 2 Pseudobombax grandiflorum (planted) - 1 Triplaris americana (planted)"," - 2 Byrsonima sericea (present) - 8 Inga thibaudiana (present) - 1 Tapirira guianensis (present) - 1 Zanthoxylum rhoifolium (present)"
100094,"y0"," - 2 Bactris acanthocarpa (present) - 2 Myrsine guianensis (present)"," - 3 Bixa orellana (planted) - 2 Cecropia glaziovii (planted) - 6 Citharexylum myrianthum (planted) - 2 Croton floribundus (planted) - 7 Cybistax antisyphilitica (planted) - 3 Gallesia integrifolia (planted) - 1 Genipa americana (planted) - 2 Himatanthus bracteatus (planted) - 2 Inga edulis (planted) - 13 Inga laurina (planted) - 4 Luehea candicans (planted) - 1 Psidium guajava (planted) - 6 Psidium rufum (planted) - 12 Schinus terebinthifolia (planted) - 8 Senegalia polyphylla (planted) - 1 Senna pendula (planted) - 18 Tabebuia roseoalba (planted) - 5 Tapirira guianensis (planted)"," - 1 Eschweilera ovata (present) - 4 Inga thibaudiana (present)"
100095,"y0"," - 1 Byrsonima sericea (regenerating) - 1 Cecropia pachystachya (regenerating)"," - 1 Bixa orellana (planted) - 1 Croton floribundus (planted) - 5 Inga edulis (planted) - 1 Jacaranda puberula (planted) - 2 Joannesia princeps (planted) - 2 Peltophorum dubium (planted) - 1 Pseudobombax grandiflorum (planted) - 2 Tapirira guianensis (planted) - 1 Triplaris americana (planted)"," - 1 Byrsonima sericea (present) - 4 Albizia polycephala (present) - 4 Byrsonima sericea (present) - 2 Calophyllum brasiliense (present) - 1 Schinus terebinthifolia (present) - 2 Sideroxylon obtusifolium (present) - 7 Tapirira guianensis (present)"
100096,"y0"," - 2 Chamaecrista ensiformis (regenerating) - 2 Inga capitata (regenerating)",NA," - 1 Albizia polycephala (present) - 1 Abarema brachystachya (present) - 1 Andira fraxinifolia (present) - 1 Ficus guaranitica (present) - 1 Himatanthus bracteatus (present) - 6 Inga capitata (present) - 7 Nectandra membranacea (present) - 18 Schinus terebinthifolia (present)"
100097,"y0"," - 1 Cordia trichotoma (present) - 1 Nectandra membranacea (present) - 1 Vismia guianensis (present)",NA," - 3 Albizia polycephala (present) - 11 Byrsonima sericea (present) - 1 Campomanesia guaviroba (present) - 1 Chrysophyllum marginatum (present) - 1 Dictyoloma vandellianum (present) - 1 Eriotheca pentaphylla (present) - 1 Melanoxylon brauna (present) - 1 Monteverdia brasiliensis (present) - 1 Pradosia lactescens (present) - 2 Syagrus pseudococos (present) - 1 Tapirira guianensis (present) - 3 Vismia guianensis (present)"
